{
  "$schema": "http://json-schema.org/draft-07/schema#",
  "description": "Language support for Astro",
  "properties": {
    "astro.language-server.ls-path": {
      "description": "Path to the language server executable. You won't need this in most cases, set this only when needing a specific version of the language server",
      "title": "Language Server: Path",
      "type": "string"
    },
    "astro.language-server.runtime": {
      "description": "Path to the node executable used to execute the language server. You won't need this in most cases",
      "scope": "application",
      "title": "Language Server: Runtime",
      "type": "string"
    },
    "astro.trace.server": {
      "default": "off",
      "description": "Traces the communication between VS Code and the language server.",
      "enum": [
        "off",
        "messages",
        "verbose"
      ],
      "scope": "window",
      "type": "string"
    }
  }
}
