{
  "$schema": "http://json-schema.org/draft-07/schema#",
  "description": "A language server for Bash",
  "properties": {
    "bashIde.backgroundAnalysisMaxFiles": {
      "default": 500,
      "description": "Maximum number of files to analyze in the background. Set to 0 to disable background analysis.",
      "minimum": 0,
      "type": "number"
    },
    "bashIde.enableSourceErrorDiagnostics": {
      "default": false,
      "description": "Enable diagnostics for source errors. Ignored if includeAllWorkspaceSymbols is true.",
      "type": "boolean"
    },
    "bashIde.explainshellEndpoint": {
      "default": "",
      "description": "Configure explainshell server endpoint in order to get hover documentation on flags and options.",
      "type": "string"
    },
    "bashIde.globPattern": {
      "default": "**/*@(.sh|.inc|.bash|.command)",
      "description": "Glob pattern for finding and parsing shell script files in the workspace. Used by the background analysis features across files.",
      "type": "string"
    },
    "bashIde.includeAllWorkspaceSymbols": {
      "default": false,
      "description": "Controls how symbols (e.g. variables and functions) are included and used for completion and documentation. If false (default and recommended), then we only include symbols from sourced files (i.e. using non dynamic statements like 'source file.sh' or '. file.sh' or following ShellCheck directives). If true, then all symbols from the workspace are included.",
      "type": "boolean"
    },
    "bashIde.logLevel": {
      "default": "info",
      "description": "Controls the log level of the language server.",
      "enum": [
        "debug",
        "info",
        "warning",
        "error"
      ],
      "type": "string"
    },
    "bashIde.shellcheckArguments": {
      "default": "",
      "description": "Additional ShellCheck arguments. Note that we already add the following arguments: --shell, --format, --external-sources.",
      "type": "string"
    },
    "bashIde.shellcheckPath": {
      "default": "shellcheck",
      "description": "Controls the executable used for ShellCheck linting information. An empty string will disable linting.",
      "type": "string"
    }
  }
}
