{
  "$schema": "http://json-schema.org/draft-07/schema#",
  "description": "Provides rich language support for JSON files.",
  "properties": {
    "json.colorDecorators.enable": {
      "default": true,
      "deprecationMessage": "The setting `json.colorDecorators.enable` has been deprecated in favor of `editor.colorDecorators`.",
      "description": "Enables or disables color decorators",
      "scope": "window",
      "type": "boolean"
    },
    "json.format.enable": {
      "default": true,
      "description": "Enable/disable default JSON formatter",
      "scope": "window",
      "type": "boolean"
    },
    "json.format.keepLines": {
      "default": false,
      "description": "Keep all existing new lines when formatting.",
      "scope": "window",
      "type": "boolean"
    },
    "json.maxItemsComputed": {
      "default": 5000,
      "description": "The maximum number of outline symbols and folding regions computed (limited for performance reasons).",
      "type": "number"
    },
    "json.schemaDownload.enable": {
      "default": true,
      "description": "When enabled, JSON schemas can be fetched from http and https locations.",
      "tags": [
        "usesOnlineServices"
      ],
      "type": "boolean"
    },
    "json.schemas": {
      "description": "Associate schemas to JSON files in the current project.",
      "items": {
        "default": {
          "fileMatch": [
            "/myfile"
          ],
          "url": "schemaURL"
        },
        "properties": {
          "fileMatch": {
            "description": "An array of file patterns to match against when resolving JSON files to schemas. `*` can be used as a wildcard. Exclusion patterns can also be defined and start with '!'. A file matches when there is at least one matching pattern and the last matching pattern is not an exclusion pattern.",
            "items": {
              "default": "MyFile.json",
              "description": "A file pattern that can contain '*' to match against when resolving JSON files to schemas.",
              "type": "string"
            },
            "minItems": 1,
            "type": "array"
          },
          "schema": {
            "$ref": "http://json-schema.org/draft-07/schema#",
            "description": "The schema definition for the given URL. The schema only needs to be provided to avoid accesses to the schema URL."
          },
          "url": {
            "default": "/user.schema.json",
            "description": "A URL to a schema or a relative path to a schema in the current directory",
            "type": "string"
          }
        },
        "type": "object"
      },
      "scope": "resource",
      "type": "array"
    },
    "json.trace.server": {
      "default": "off",
      "description": "Traces the communication between VS Code and the JSON language server.",
      "enum": [
        "off",
        "messages",
        "verbose"
      ],
      "scope": "window",
      "type": "string"
    },
    "json.validate.enable": {
      "default": true,
      "description": "Enable/disable JSON validation.",
      "scope": "window",
      "type": "boolean"
    }
  }
}
