{
  "$schema": "http://json-schema.org/draft-07/schema#",
  "description": "VS Code Plugin for Psalm",
  "properties": {
    "psalm.analyzedFileExtensions": {
      "default": [
        {
          "language": "php",
          "scheme": "file"
        },
        {
          "language": "php",
          "scheme": "untitled"
        }
      ],
      "description": "A list of file extensions to request Psalm to analyze. By default, this only includes 'php' (Modifying requires VSCode reload)",
      "type": "array"
    },
    "psalm.configPaths": {
      "default": [
        "psalm.xml",
        "psalm.xml.dist"
      ],
      "description": "A list of files to checkup for psalm configuration (relative to the workspace directory)",
      "items": {
        "type": "string"
      },
      "type": "array"
    },
    "psalm.connectToServerWithTcp": {
      "default": false,
      "description": "If this is set to true, this VSCode extension will use TCP instead of the default STDIO to communicate with the Psalm language server. (Modifying requires VSCode reload)",
      "type": "boolean"
    },
    "psalm.disableAutoComplete": {
      "default": false,
      "description": "Enable to disable autocomplete on methods and properties (Modifying requires VSCode reload)",
      "type": "boolean"
    },
    "psalm.enableDebugLog": {
      "default": false,
      "deprecationMessage": "Deprecated: Please use psalm.enableVerbose, psalm.logLevel or psalm.trace.server instead.",
      "description": "Enable this to print messages to the debug console when developing or debugging this VS Code extension. (Modifying requires VSCode reload)",
      "type": "boolean"
    },
    "psalm.enableUseIniDefaults": {
      "default": false,
      "description": "Enable this to use PHP-provided ini defaults for memory and error display. (Modifying requires restart)",
      "type": "boolean"
    },
    "psalm.enableVerbose": {
      "default": false,
      "description": "Enable --verbose mode on the Psalm Language Server (Modifying requires VSCode reload)",
      "type": "boolean"
    },
    "psalm.hideStatusMessageWhenRunning": {
      "default": true,
      "description": "This will hide the Psalm status from the status bar when it is started and running.  This is useful to clear up a cluttered status bar.",
      "type": "boolean"
    },
    "psalm.logLevel": {
      "default": "INFO",
      "description": "Traces the communication between VSCode and the Psalm language server.",
      "enum": [
        "NONE",
        "ERROR",
        "WARN",
        "INFO",
        "DEBUG",
        "TRACE"
      ],
      "scope": "window",
      "type": "string"
    },
    "psalm.maxRestartCount": {
      "default": 5,
      "description": "The number of times the Language Server is allowed to crash and restart before it will no longer try to restart (Modifying requires VSCode reload)",
      "type": "number"
    },
    "psalm.phpExecutableArgs": {
      "default": [
        "-dxdebug.remote_autostart=0",
        "-dxdebug.remote_enable=0",
        "-dxdebug_profiler_enable=0"
      ],
      "description": "Optional (Advanced), default is '-dxdebug.remote_autostart=0 -dxdebug.remote_enable=0 -dxdebug_profiler_enable=0'.  Additional PHP executable CLI arguments to use. (Modifying requires VSCode reload)",
      "items": {
        "type": "string"
      },
      "type": "array"
    },
    "psalm.phpExecutablePath": {
      "default": null,
      "description": "Optional, defaults to searching for \"php\". The path to a PHP 7.0+ executable to use to execute the Psalm server. The PHP 7.0+ installation should preferably include and enable the PHP module `pcntl`. (Modifying requires VSCode reload)",
      "type": "string"
    },
    "psalm.psalmClientScriptPath": {
      "default": null,
      "deprecationMessage": "Deprecated: Please use psalm.psalmScriptPath instead.",
      "description": "Optional (Advanced). If provided, this overrides the Psalm script to use, e.g. vendor/bin/psalm. (Modifying requires VSCode reload)",
      "markdownDeprecationMessage": "**Deprecated**: Please use `#psalm.psalmScriptPath#` instead.",
      "type": "string"
    },
    "psalm.psalmScriptArgs": {
      "default": [],
      "description": "Optional (Advanced). Additional arguments to the Psalm language server. (Modifying requires VSCode reload)",
      "items": {
        "type": "string"
      },
      "type": "array"
    },
    "psalm.psalmScriptPath": {
      "default": null,
      "description": "Optional (Advanced). If provided, this overrides the Psalm script to use, e.g. vendor/bin/psalm-language-server. (Modifying requires VSCode reload)",
      "type": "string"
    },
    "psalm.psalmVersion": {
      "default": null,
      "description": "Optional (Advanced). If provided, this overrides the Psalm version detection (Modifying requires VSCode reload)",
      "type": "string"
    },
    "psalm.trace.server": {
      "default": "off",
      "description": "Traces the communication between VSCode and the Psalm language server.",
      "enum": [
        "off",
        "messages",
        "verbose"
      ],
      "scope": "window",
      "type": "string"
    },
    "psalm.unusedVariableDetection": {
      "default": false,
      "description": "Enable this to enable unused variable and parameter detection",
      "type": "boolean"
    }
  }
}
