{
  "$schema": "http://json-schema.org/draft-07/schema#",
  "description": "Official Puppet VSCode extension. Provides full Puppet DSL intellisense, syntax highlighting, Puppet command support, Puppet node graphs, and much more",
  "properties": {
    "puppet.editorService.debugFilePath": {
      "default": "",
      "description": "The absolute filepath where the Puppet Editor Service will output the debugging log. By default no logfile is generated",
      "type": "string"
    },
    "puppet.editorService.enable": {
      "default": true,
      "description": "Enable/disable advanced Puppet Language Features",
      "type": "boolean"
    },
    "puppet.editorService.featureFlags": {
      "default": [],
      "description": "An array of strings of experimental features to enable in the Puppet Editor Service",
      "type": "array"
    },
    "puppet.editorService.foldingRange.enable": {
      "default": true,
      "description": "Enable/disable syntax aware code folding provider",
      "type": "boolean"
    },
    "puppet.editorService.foldingRange.showLastLine": {
      "default": false,
      "description": "Show or hide the last line in code folding regions",
      "type": "boolean"
    },
    "puppet.editorService.formatOnType.enable": {
      "default": false,
      "description": "Enable/disable the Puppet document on-type formatter, for example hashrocket alignment",
      "type": "boolean"
    },
    "puppet.editorService.formatOnType.maxFileSize": {
      "default": 4096,
      "description": "Sets the maximum file size (in Bytes) that document on-type formatting will occur. Setting this to zero (0) will disable the file size check. Note that large file sizes can cause performance issues.",
      "minimum": 0,
      "type": "integer"
    },
    "puppet.editorService.hover.showMetadataInfo": {
      "default": true,
      "description": "Enable or disable showing Puppet Module version information in the metadata.json file",
      "type": "boolean"
    },
    "puppet.editorService.loglevel": {
      "default": "normal",
      "description": "Set the logging verbosity level for the Puppet Editor Service, with Debug producing the most output and Error producing the least",
      "enum": [
        "debug",
        "error",
        "normal",
        "warning",
        "verbose"
      ],
      "type": "string"
    },
    "puppet.editorService.protocol": {
      "default": "stdio",
      "description": "The protocol used to communicate with the Puppet Editor Service. By default the local STDIO protocol is used.",
      "enum": [
        "stdio",
        "tcp"
      ],
      "type": "string"
    },
    "puppet.editorService.puppet.confdir": {
      "default": "",
      "description": "The Puppet configuration directory. See https://puppet.com/docs/puppet/latest/dirs_confdir.html for more information",
      "type": "string"
    },
    "puppet.editorService.puppet.environment": {
      "default": "",
      "description": "The Puppet environment to use. See https://puppet.com/docs/puppet/latest/config_print.html#environments for more information",
      "type": "string"
    },
    "puppet.editorService.puppet.modulePath": {
      "default": "",
      "description": "Additional module paths to use when starting the Editor Services. On Windows this is delimited with a semicolon, and on all other platforms, with a colon. For example C:\\Path1;C:\\Path2",
      "type": "string"
    },
    "puppet.editorService.puppet.vardir": {
      "default": "",
      "description": "The Puppet cache directory. See https://puppet.com/docs/puppet/latest/dirs_vardir.html for more information",
      "type": "string"
    },
    "puppet.editorService.puppet.version": {
      "default": "",
      "description": "The version of Puppet to use. For example '5.4.0'. This is generally only applicable when using the PDK installation type. If Puppet Editor Services is unable to use this version, it will default to the latest available version of Puppet.",
      "type": "string"
    },
    "puppet.editorService.tcp.address": {
      "description": "The IP address or hostname of the remote Puppet Editor Service to connect to, for example 'computer.domain' or '192.168.0.1'. Only applicable when the editorService.protocol is set to tcp",
      "type": "string"
    },
    "puppet.editorService.tcp.port": {
      "description": "The TCP Port of the remote Puppet Editor Service to connect to. Only applicable when the editorService.protocol is set to tcp",
      "type": "integer"
    },
    "puppet.editorService.timeout": {
      "default": 10,
      "description": "The timeout to connect to the Puppet Editor Service",
      "type": "integer"
    },
    "puppet.format.enable": {
      "default": true,
      "description": "Enable/disable the Puppet document formatter",
      "scope": "window",
      "type": "boolean"
    },
    "puppet.installDirectory": {
      "markdownDescription": "The fully qualified path to the Puppet install directory. This can be a PDK or Puppet Agent installation. For example: 'C:\\Program Files\\Puppet Labs\\Puppet' or '/opt/puppetlabs/puppet'. If this is not set the extension will attempt to detect the installation directory. Do **not** use when `#puppet.installType#` is set to `auto`",
      "type": "string"
    },
    "puppet.installType": {
      "default": "auto",
      "enum": [
        "auto",
        "pdk",
        "agent"
      ],
      "enumDescriptions": [
        "The exention will use the PDK or the Puppet Agent based on default install locations. When both are present, it will use the PDK",
        "Use the PDK as an installation source",
        "Use the Puppet Agent as an installation source"
      ],
      "markdownDescription": "The type of Puppet installation. Either the Puppet Development Kit (pdk) or the Puppet Agent (agent). Choose `auto` to have the extension detect which to use automatically based on default install locations",
      "type": "string"
    },
    "puppet.notification.nodeGraph": {
      "default": "messagebox",
      "description": "The type of notification used when a node graph is being generated. Default value of messagebox",
      "enum": [
        "messagebox",
        "statusbar",
        "none"
      ],
      "type": "string"
    },
    "puppet.notification.puppetResource": {
      "default": "messagebox",
      "description": "The type of notification used when a running Puppet Resouce. Default value of messagebox",
      "enum": [
        "messagebox",
        "statusbar",
        "none"
      ],
      "type": "string"
    },
    "puppet.pdk.checkVersion": {
      "default": true,
      "description": "Enable/disable checking if installed PDK version is latest",
      "type": "boolean"
    },
    "puppet.titleBar.pdkNewModule.enable": {
      "default": true,
      "description": "Enable/disable the PDK New Module icon in the Editor Title Bar",
      "type": "boolean"
    },
    "puppet.validate.resolvePuppetfiles": {
      "default": true,
      "description": "Enable/disable using dependency resolution for Puppetfiles",
      "type": "boolean"
    }
  }
}
