{
  "$schema": "http://json-schema.org/draft-07/schema#",
  "description": "PureScript IntelliSense, tooltip, errors, code actions with language-server-purescript/purs IDE server",
  "properties": {
    "purescript.addNpmPath": {
      "default": false,
      "description": "Whether to add the local npm bin directory to the PATH for purs IDE server and build command.",
      "scope": "resource",
      "type": "boolean"
    },
    "purescript.addPscPackageSources": {
      "default": false,
      "description": "Whether to add psc-package sources to the globs passed to the IDE server for source locations (specifically the output of `psc-package sources`, if this is a psc-package project). Update due to adding packages/changing package set requires psc-ide server restart.",
      "scope": "resource",
      "type": "boolean"
    },
    "purescript.addSpagoSources": {
      "default": true,
      "description": "Whether to add spago sources to the globs passed to the IDE server for source locations (specifically the output of `spago sources`, if this is a spago project). Update due to adding packages/changing package set requires psc-ide server restart.",
      "scope": "resource",
      "type": "boolean"
    },
    "purescript.autoStartPscIde": {
      "default": true,
      "description": "Whether to automatically start/connect to purs IDE server when editing a PureScript file (includes connecting to an existing running instance). If this is disabled, various features like autocomplete, tooltips, and other type info will not work until start command is run manually.",
      "scope": "resource",
      "type": "boolean"
    },
    "purescript.autocompleteAddImport": {
      "default": true,
      "description": "Whether to automatically add imported identifiers when accepting autocomplete result.",
      "scope": "resource",
      "type": "boolean"
    },
    "purescript.autocompleteAllModules": {
      "default": true,
      "description": "Whether to always autocomplete from all built modules, or just those imported in the file. Suggestions from all modules always available by explicitly triggering autocomplete.",
      "scope": "resource",
      "type": "boolean"
    },
    "purescript.autocompleteGrouped": {
      "default": true,
      "description": "Whether to group completions in autocomplete results. Requires compiler 0.11.6",
      "scope": "resource",
      "type": "boolean"
    },
    "purescript.autocompleteLimit": {
      "default": null,
      "description": "Maximum number of results to fetch for an autocompletion request. May improve performance on large projects.",
      "scope": "resource",
      "type": [
        "null",
        "integer"
      ]
    },
    "purescript.buildCommand": {
      "default": "spago build --purs-args --json-errors",
      "description": "Build command to use with arguments. Not passed to shell. eg `spago build --purs-args --json-errors`",
      "scope": "resource",
      "type": "string"
    },
    "purescript.buildOpenedFiles": {
      "default": false,
      "markdownDescription": "**EXPERIMENTAL** Enable purs IDE server fast rebuild of opened files. This includes both newly opened tabs and those present at startup.",
      "scope": "resource",
      "type": "boolean"
    },
    "purescript.censorWarnings": {
      "default": [],
      "description": "The warning codes to censor, both for fast rebuild and a full build. Unrelated to any psa setup. e.g.: [\"ShadowedName\",\"MissingTypeDeclaration\"]",
      "items": {
        "type": "string"
      },
      "scope": "resource",
      "title": "Censor warnings",
      "type": "array"
    },
    "purescript.codegenTargets": {
      "default": null,
      "description": "List of codegen targets to pass to the compiler for rebuild. e.g. js, corefn. If not specified (rather than empty array) this will not be passed and the compiler will default to js. Requires 0.12.1+",
      "items": {
        "type": "string"
      },
      "scope": "resource",
      "type": "array"
    },
    "purescript.declarationTypeCodeLens": {
      "default": true,
      "description": "Enable declaration codelens to add types to declarations",
      "scope": "resource",
      "type": "boolean"
    },
    "purescript.diagnosticsOnOpen": {
      "default": false,
      "description": "**EXPERIMENTAL** Enable diagnostics on file open, as per diagnostics on type",
      "scope": "resource",
      "type": "boolean"
    },
    "purescript.diagnosticsOnType": {
      "default": false,
      "description": "**EXPERIMENTAL** Enable rebuilding modules for diagnostics automatically on typing. This may provide quicker feedback on errors, but could interfere with other functionality.",
      "scope": "resource",
      "type": "boolean"
    },
    "purescript.diagnosticsOnTypeDebounce": {
      "default": 100,
      "description": "**EXPERIMENTAL**",
      "scope": "resource",
      "type": "integer"
    },
    "purescript.exportsCodeLens": {
      "default": true,
      "description": "Enable declaration codelenses for export management",
      "scope": "resource",
      "type": "boolean"
    },
    "purescript.fastRebuild": {
      "default": true,
      "description": "Enable purs IDE server fast rebuild (rebuilding single files on saving them)",
      "scope": "resource",
      "type": "boolean"
    },
    "purescript.foreignExt": {
      "default": "js",
      "description": "Extension for foreign files",
      "scope": "resource",
      "type": "string"
    },
    "purescript.formatter": {
      "default": "purs-tidy",
      "description": "Tool to use to for formatting. Must be installed and on PATH (or npm installed with addNpmPath set)",
      "enum": [
        "none",
        "purty",
        "purs-tidy",
        "pose"
      ],
      "markdownEnumDescriptions": [
        "No formatting provision",
        "Use purty. Must be installed - [instructions](https://gitlab.com/joneshf/purty#npm)",
        "Use purs-tidy. Must be installed - [instructions](https://github.com/natefaubion/purescript-tidy)",
        "Use pose (prettier plugin). Must be installed - [instructions](https://pose.rowtype.yoga/)"
      ],
      "scope": "resource",
      "type": "string"
    },
    "purescript.fullBuildOnSave": {
      "default": false,
      "description": "Whether to perform a full build on save with the configured build command (rather than IDE server fast rebuild). This is not generally recommended because it is slow, but it does mean that dependent modules are rebuilt as necessary.",
      "scope": "resource",
      "type": "boolean"
    },
    "purescript.fullBuildOnSaveProgress": {
      "default": true,
      "description": "Whether to show progress for full build on save (if enabled)",
      "scope": "resource",
      "type": "boolean"
    },
    "purescript.importsPreferredModules": {
      "default": [
        "Prelude"
      ],
      "description": "Module to prefer to insert when adding imports which have been re-exported. In order of preference, most preferred first.",
      "items": {
        "type": "string"
      },
      "scope": "resource",
      "type": "array"
    },
    "purescript.outputDirectory": {
      "default": "output/",
      "description": "Override purs ide output directory (output/ if not specified). This should match up to your build command",
      "scope": "resource",
      "type": "string"
    },
    "purescript.packagePath": {
      "default": "",
      "description": "Path to installed packages. Will be used to control globs passed to IDE server for source locations.  Change requires IDE server restart.",
      "scope": "resource",
      "type": "string"
    },
    "purescript.preludeModule": {
      "default": "Prelude",
      "description": "Module to consider as your default prelude, if an auto-complete suggestion comes from this module it will be imported unqualified.",
      "scope": "resource",
      "type": "string"
    },
    "purescript.pscIdePort": {
      "default": null,
      "description": "Port to use for purs IDE server (whether an existing server or to start a new one). By default a random port is chosen (or an existing port in .psc-ide-port if present), if this is specified no attempt will be made to select an alternative port on failure.",
      "scope": "resource",
      "type": [
        "integer",
        "null"
      ]
    },
    "purescript.pscIdelogLevel": {
      "default": "",
      "description": "Log level for purs IDE server",
      "scope": "resource",
      "type": "string"
    },
    "purescript.pursExe": {
      "default": "purs",
      "description": "Location of purs executable (resolved wrt PATH)",
      "scope": "resource",
      "type": "string"
    },
    "purescript.sourcePath": {
      "default": "src",
      "description": "Path to application source root. Will be used to control globs passed to IDE server for source locations. Change requires IDE server restart.",
      "scope": "resource",
      "type": "string"
    },
    "purescript.trace.server": {
      "default": "off",
      "description": "Traces the communication between VSCode and the PureScript language service.",
      "enum": [
        "off",
        "messages",
        "verbose"
      ],
      "scope": "window",
      "type": "string"
    }
  }
}
