{
  "$schema": "http://json-schema.org/draft-07/schema#",
  "description": "R LSP Client for VS Code",
  "properties": {
    "r.lsp.args": {
      "default": [],
      "description": "The command line arguments to use when launching R Language Server",
      "type": "array"
    },
    "r.lsp.debug": {
      "default": false,
      "description": "Debug R Language Server",
      "type": "boolean"
    },
    "r.lsp.diagnostics": {
      "default": true,
      "description": "Enable Diagnostics",
      "type": "boolean"
    },
    "r.lsp.lang": {
      "default": "",
      "description": "Override default LANG environment variable",
      "type": "string"
    },
    "r.lsp.path": {
      "default": "",
      "deprecationMessage": "Will be deprecated. Use r.rpath.windows, r.rpath.mac, or r.rpath.linux instead.",
      "description": "Path to R binary for launching Language Server",
      "markdownDeprecationMessage": "Will be deprecated. Use `#r.rpath.windows#`, `#r.rpath.mac#`, or `#r.rpath.linux#` instead.",
      "type": "string"
    },
    "r.lsp.use_stdio": {
      "default": false,
      "description": "Use STDIO connection instead of TCP. (Unix/macOS users only)",
      "type": "boolean"
    },
    "r.rpath.linux": {
      "default": "",
      "description": "Path to an R executable for Linux. Must be \"vanilla\" R, not radian etc.!",
      "type": "string"
    },
    "r.rpath.mac": {
      "default": "",
      "description": "Path to an R executable for macOS. Must be \"vanilla\" R, not radian etc.!",
      "type": "string"
    },
    "r.rpath.windows": {
      "default": "",
      "description": "Path to an R executable for Windows. Must be \"vanilla\" R, not radian etc.!",
      "type": "string"
    }
  }
}
