{
  "$schema": "http://json-schema.org/draft-07/schema#",
  "description": "stylelint extension for coc.nvim supporting additional features",
  "properties": {
    "stylelintplus.autoFixOnFormat": {
      "default": false,
      "description": "Auto-fix on format request.",
      "scope": "resource",
      "type": "boolean"
    },
    "stylelintplus.autoFixOnSave": {
      "default": false,
      "description": "Auto-fix and format on save.",
      "scope": "resource",
      "type": "boolean"
    },
    "stylelintplus.config": {
      "default": null,
      "description": "Stylelint config. If config and configFile are unset, stylelint will automatically look for a config file.",
      "scope": "resource",
      "type": "object"
    },
    "stylelintplus.configFile": {
      "default": null,
      "description": "Stylelint config file. If config and configFile are unset, stylelint will automatically look for a config file.",
      "scope": "resource",
      "type": "string"
    },
    "stylelintplus.configOverrides": {
      "default": null,
      "description": "Stylelint config overrides. These will be applied on top of the config, configFile, or auto-discovered config file loaded by stylelint.",
      "scope": "resource",
      "type": "object"
    },
    "stylelintplus.cssInJs": {
      "default": false,
      "description": "Run stylelint on javascript/typescript files.",
      "scope": "window",
      "type": "boolean"
    },
    "stylelintplus.enable": {
      "default": true,
      "description": "If false, stylelint will not validate the file.",
      "scope": "resource",
      "type": "boolean"
    },
    "stylelintplus.filetypes": {
      "default": [
        "css",
        "less",
        "postcss",
        "sass",
        "scss",
        "sugarss",
        "vue",
        "wxss"
      ],
      "description": "Filetypes that coc-stylelintplus will lint.",
      "items": {
        "type": "string"
      },
      "scope": "window",
      "type": "array"
    },
    "stylelintplus.trace.server": {
      "default": "off",
      "description": "Capture trace messages from the server.",
      "enum": [
        "off",
        "messages",
        "verbose"
      ],
      "scope": "window",
      "type": "string"
    },
    "stylelintplus.validateOnSave": {
      "default": false,
      "description": "Validate after saving. Automatically enabled if autoFixOnSave is enabled.",
      "scope": "resource",
      "type": "boolean"
    },
    "stylelintplus.validateOnType": {
      "default": true,
      "description": "Validate after making changes.",
      "scope": "resource",
      "type": "boolean"
    }
  }
}
