{
  "$schema": "http://json-schema.org/draft-07/schema#",
  "description": "Svelte language support for VS Code",
  "properties": {
    "svelte.ask-to-enable-ts-plugin": {
      "default": true,
      "description": "Ask on startup to enable the TypeScript plugin.",
      "title": "Ask to enable TypeScript Svelte plugin",
      "type": "boolean"
    },
    "svelte.enable-ts-plugin": {
      "default": false,
      "description": "Enables a TypeScript plugin which provides intellisense for Svelte files inside TS/JS files.",
      "title": "Enable TypeScript Svelte plugin",
      "type": "boolean"
    },
    "svelte.language-server.debug": {
      "description": "- You normally don't set this - Enable more verbose logging for the language server useful for debugging language server execution.",
      "title": "Language Server Debug Mode",
      "type": "boolean"
    },
    "svelte.language-server.ls-path": {
      "description": "- You normally don't set this - Path to the language server executable. If you installed the \"svelte-language-server\" npm package, it's within there at \"bin/server.js\". Path can be either relative to your workspace root or absolute. Set this only if you want to use a custom version of the language server. This will then also use the workspace version of TypeScript. This setting can only be changed in user settings for security reasons.",
      "scope": "application",
      "title": "Language Server Path",
      "type": "string"
    },
    "svelte.language-server.port": {
      "default": -1,
      "description": "- You normally don't set this - At which port to spawn the language server. Can be used for attaching to the process for debugging / profiling. If you experience crashes due to \"port already in use\", try setting the port. -1 = default port is used.",
      "title": "Language Server Port",
      "type": "number"
    },
    "svelte.language-server.runtime": {
      "description": "- You normally don't need this - Path to the node executable to use to spawn the language server. This is useful when you depend on native modules such as node-sass as without this they will run in the context of vscode, meaning node version mismatch is likely. Minimum required node version is 12.17. This setting can only be changed in user settings for security reasons.",
      "scope": "application",
      "title": "Language Server Runtime",
      "type": "string"
    },
    "svelte.plugin.css.colorPresentations.enable": {
      "default": true,
      "description": "Enable color picker for CSS",
      "title": "CSS: Color Picker",
      "type": "boolean"
    },
    "svelte.plugin.css.completions.emmet": {
      "default": true,
      "description": "Enable emmet auto completions for CSS",
      "title": "CSS: Include Emmet Completions",
      "type": "boolean"
    },
    "svelte.plugin.css.completions.enable": {
      "default": true,
      "description": "Enable auto completions for CSS",
      "title": "CSS: Auto Complete",
      "type": "boolean"
    },
    "svelte.plugin.css.diagnostics.enable": {
      "default": true,
      "description": "Enable diagnostic messages for CSS",
      "title": "CSS: Diagnostics",
      "type": "boolean"
    },
    "svelte.plugin.css.documentColors.enable": {
      "default": true,
      "description": "Enable document colors for CSS",
      "title": "CSS: Document Colors",
      "type": "boolean"
    },
    "svelte.plugin.css.documentSymbols.enable": {
      "default": true,
      "description": "Enable document symbols for CSS",
      "title": "CSS: Symbols in Outline",
      "type": "boolean"
    },
    "svelte.plugin.css.enable": {
      "default": true,
      "description": "Enable the CSS plugin",
      "title": "CSS",
      "type": "boolean"
    },
    "svelte.plugin.css.globals": {
      "default": "",
      "description": "Which css files should be checked for global variables (`--global-var: value;`). These variables are added to the css completions. String of comma-separated file paths or globs relative to workspace root.",
      "title": "CSS: Global Files",
      "type": "string"
    },
    "svelte.plugin.css.hover.enable": {
      "default": true,
      "description": "Enable hover info for CSS",
      "title": "CSS: Hover Info",
      "type": "boolean"
    },
    "svelte.plugin.css.selectionRange.enable": {
      "default": true,
      "description": "Enable selection range for CSS",
      "title": "CSS: SelectionRange",
      "type": "boolean"
    },
    "svelte.plugin.html.completions.emmet": {
      "default": true,
      "description": "Enable emmet auto completions for HTML",
      "title": "HTML: Include Emmet Completions",
      "type": "boolean"
    },
    "svelte.plugin.html.completions.enable": {
      "default": true,
      "description": "Enable auto completions for HTML",
      "title": "HTML: Auto Complete",
      "type": "boolean"
    },
    "svelte.plugin.html.documentSymbols.enable": {
      "default": true,
      "description": "Enable document symbols for HTML",
      "title": "HTML: Symbols in Outline",
      "type": "boolean"
    },
    "svelte.plugin.html.enable": {
      "default": true,
      "description": "Enable the HTML plugin",
      "title": "HTML",
      "type": "boolean"
    },
    "svelte.plugin.html.hover.enable": {
      "default": true,
      "description": "Enable hover info for HTML",
      "title": "HTML: Hover Info",
      "type": "boolean"
    },
    "svelte.plugin.html.linkedEditing.enable": {
      "default": true,
      "description": "Enable Linked Editing for HTML",
      "title": "HTML: Linked Editing",
      "type": "boolean"
    },
    "svelte.plugin.html.tagComplete.enable": {
      "default": true,
      "description": "Enable HTML tag auto closing",
      "title": "HTML: Tag Auto Closing",
      "type": "boolean"
    },
    "svelte.plugin.svelte.codeActions.enable": {
      "default": true,
      "description": "Enable Code Actions for Svelte",
      "title": "Svelte: Code Actions",
      "type": "boolean"
    },
    "svelte.plugin.svelte.compilerWarnings": {
      "additionalProperties": {
        "enum": [
          "ignore",
          "error"
        ],
        "type": "string"
      },
      "default": {},
      "description": "Svelte compiler warning codes to ignore or to treat as errors. Example: { 'css-unused-selector': 'ignore', 'unused-export-let': 'error'}",
      "title": "Svelte: Compiler Warnings Settings",
      "type": "object"
    },
    "svelte.plugin.svelte.completions.enable": {
      "default": true,
      "description": "Enable auto completions for Svelte",
      "title": "Svelte: Completions",
      "type": "boolean"
    },
    "svelte.plugin.svelte.defaultScriptLanguage": {
      "default": "none",
      "description": "The default language to use when generating new script tags",
      "enum": [
        "none",
        "ts"
      ],
      "title": "Svelte: Default Script Language",
      "type": "string"
    },
    "svelte.plugin.svelte.diagnostics.enable": {
      "default": true,
      "description": "Enable diagnostic messages for Svelte",
      "title": "Svelte: Diagnostics",
      "type": "boolean"
    },
    "svelte.plugin.svelte.enable": {
      "default": true,
      "description": "Enable the Svelte plugin",
      "title": "Svelte",
      "type": "boolean"
    },
    "svelte.plugin.svelte.format.config.printWidth": {
      "default": 80,
      "description": "Maximum line width after which code is tried to be broken up. This is a Prettier core option. If you have the Prettier extension installed, this option is ignored and the corresponding option of that extension is used instead. This option is also ignored if there's any kind of configuration file, for example a `.prettierrc` file.",
      "title": "Svelte Format: Print Width",
      "type": "number"
    },
    "svelte.plugin.svelte.format.config.singleQuote": {
      "default": false,
      "description": "Use single quotes instead of double quotes, where possible. This is a Prettier core option. If you have the Prettier extension installed, this option is ignored and the corresponding option of that extension is used instead. This option is also ignored if there's any kind of configuration file, for example a `.prettierrc` file.",
      "title": "Svelte Format: Quotes",
      "type": "boolean"
    },
    "svelte.plugin.svelte.format.config.svelteAllowShorthand": {
      "default": true,
      "description": "Option to enable/disable component attribute shorthand if attribute name and expression are the same. This option is ignored if there's any kind of configuration file, for example a `.prettierrc` file.",
      "title": "Svelte Format: Allow Shorthand",
      "type": "boolean"
    },
    "svelte.plugin.svelte.format.config.svelteBracketNewLine": {
      "default": true,
      "description": "Put the `>` of a multiline element on a new line. This option is ignored if there's any kind of configuration file, for example a `.prettierrc` file.",
      "title": "Svelte Format: Bracket New Line",
      "type": "boolean"
    },
    "svelte.plugin.svelte.format.config.svelteIndentScriptAndStyle": {
      "default": true,
      "description": "Whether or not to indent code inside `<script>` and `<style>` tags. This option is ignored if there's any kind of configuration file, for example a `.prettierrc` file.",
      "title": "Svelte Format: Indent Script And Style",
      "type": "boolean"
    },
    "svelte.plugin.svelte.format.config.svelteSortOrder": {
      "default": "options-scripts-markup-styles",
      "description": "Format: join the keys `options`, `scripts`, `markup`, `styles` with a - in the order you want. This option is ignored if there's any kind of configuration file, for example a `.prettierrc` file.",
      "title": "Svelte Format: Sort Order",
      "type": "string"
    },
    "svelte.plugin.svelte.format.config.svelteStrictMode": {
      "default": false,
      "description": "More strict HTML syntax. This option is ignored if there's any kind of configuration file, for example a `.prettierrc` file.",
      "title": "Svelte Format: Strict Mode",
      "type": "boolean"
    },
    "svelte.plugin.svelte.format.enable": {
      "default": true,
      "description": "Enable formatting for Svelte (includes css & js). You can set some formatting options through this extension. They will be ignored if there's any kind of configuration file, for example a `.prettierrc` file.",
      "title": "Svelte: Format",
      "type": "boolean"
    },
    "svelte.plugin.svelte.hover.enable": {
      "default": true,
      "description": "Enable hover information for Svelte",
      "title": "Svelte: Hover",
      "type": "boolean"
    },
    "svelte.plugin.svelte.rename.enable": {
      "default": true,
      "description": "Enable rename/move Svelte files functionality",
      "title": "Svelte: Rename",
      "type": "boolean"
    },
    "svelte.plugin.svelte.selectionRange.enable": {
      "default": true,
      "description": "Enable selection range for Svelte",
      "title": "Svelte: Selection Range",
      "type": "boolean"
    },
    "svelte.plugin.typescript.codeActions.enable": {
      "default": true,
      "description": "Enable code actions for TypeScript",
      "title": "TypeScript: Code Actions",
      "type": "boolean"
    },
    "svelte.plugin.typescript.completions.enable": {
      "default": true,
      "description": "Enable completions for TypeScript",
      "title": "TypeScript: Completions",
      "type": "boolean"
    },
    "svelte.plugin.typescript.diagnostics.enable": {
      "default": true,
      "description": "Enable diagnostic messages for TypeScript",
      "title": "TypeScript: Diagnostics",
      "type": "boolean"
    },
    "svelte.plugin.typescript.documentSymbols.enable": {
      "default": true,
      "description": "Enable document symbols for TypeScript",
      "title": "TypeScript: Symbols in Outline",
      "type": "boolean"
    },
    "svelte.plugin.typescript.enable": {
      "default": true,
      "description": "Enable the TypeScript plugin",
      "title": "TypeScript",
      "type": "boolean"
    },
    "svelte.plugin.typescript.hover.enable": {
      "default": true,
      "description": "Enable hover info for TypeScript",
      "title": "TypeScript: Hover Info",
      "type": "boolean"
    },
    "svelte.plugin.typescript.selectionRange.enable": {
      "default": true,
      "description": "Enable selection range for TypeScript",
      "title": "TypeScript: Selection Range",
      "type": "boolean"
    },
    "svelte.plugin.typescript.semanticTokens.enable": {
      "default": true,
      "description": "Enable semantic tokens (semantic highlight) for TypeScript.",
      "title": "TypeScript: Semantic Tokens",
      "type": "boolean"
    },
    "svelte.plugin.typescript.signatureHelp.enable": {
      "default": true,
      "description": "Enable signature help (parameter hints) for TypeScript",
      "title": "TypeScript: Signature Help",
      "type": "boolean"
    },
    "svelte.trace.server": {
      "default": "off",
      "description": "Traces the communication between VS Code and the Svelte Language Server.",
      "enum": [
        "off",
        "messages",
        "verbose"
      ],
      "type": "string"
    },
    "svelte.ui.svelteKitFilesContextMenu.enable": {
      "default": "auto",
      "description": "Show a context menu to generate SvelteKit files. \"always\" to always show it. \"never\" to always disable it. \"auto\" to show it when in a SvelteKit project. ",
      "enum": [
        "auto",
        "never",
        "always"
      ],
      "type": "string"
    }
  }
}
