{
  "$schema": "http://json-schema.org/draft-07/schema#",
  "description": "A language server implementation for the WGSL shading language",
  "properties": {
    "wgsl-analyzer.customImports": {
      "additionalProperties": {
        "type": "string"
      },
      "default": {},
      "markdownDescription": "`#import` directives in the flavour of [Bevy Engine](https://bevyengine.org)'s [shader preprocessor](https://bevyengine.org/news/bevy-0-6/#shader-imports). To use objects from an import, add `#import <name>` to your WGSL.",
      "type": "object"
    },
    "wgsl-analyzer.diagnostics.nagaParsingErrors": {
      "default": false,
      "description": "Controls whether to show naga's parsing errors.",
      "type": "boolean"
    },
    "wgsl-analyzer.diagnostics.nagaValidationErrors": {
      "default": true,
      "description": "Controls whether to show naga's validation errors.",
      "type": "boolean"
    },
    "wgsl-analyzer.diagnostics.nagaVersion": {
      "default": "0.11",
      "description": "Which version of naga to use for its diagnostics",
      "enum": [
        "0.10",
        "0.11",
        "main"
      ],
      "type": "string"
    },
    "wgsl-analyzer.diagnostics.typeErrors": {
      "default": true,
      "description": "Controls whether to show type errors.",
      "type": "boolean"
    },
    "wgsl-analyzer.inlayHints.enabled": {
      "default": true,
      "description": "Whether to show inlay hints",
      "type": "boolean"
    },
    "wgsl-analyzer.inlayHints.parameterHints": {
      "default": true,
      "description": "Whether to show inlay hints for the names of function parameters",
      "type": "boolean"
    },
    "wgsl-analyzer.inlayHints.structLayoutHints": {
      "default": false,
      "description": "Whether to show inlay hints for the layout of struct fields",
      "type": "boolean"
    },
    "wgsl-analyzer.inlayHints.typeHints": {
      "default": true,
      "description": "Whether to show inlay hints for types of variable declarations",
      "type": "boolean"
    },
    "wgsl-analyzer.inlayHints.typeVerbosity": {
      "default": "compact",
      "enum": [
        "full",
        "compact",
        "inner"
      ],
      "enumDescriptions": [
        "e.g. ref<uniform, f32, read_write>",
        "e.g. ref<f32>",
        "e.g. f32"
      ],
      "type": "string"
    },
    "wgsl-analyzer.preprocessor.shaderDefs": {
      "default": [],
      "items": {
        "type": "string"
      },
      "markdownDescription": "Shader defines used in `#ifdef` directives in the flavour of [Bevy Engine](https://bevyengine.org)'s [shader preprocessor](https://bevyengine.org/news/bevy-0-6/#shader-imports).",
      "type": "array"
    },
    "wgsl-analyzer.server.path": {
      "description": "Path to the wgsl-analyzer executable.",
      "type": [
        "null",
        "string"
      ]
    },
    "wgsl-analyzer.trace.extension": {
      "default": false,
      "description": "Log debug info in the WGSL Analyzer output pane.",
      "type": "boolean"
    },
    "wgsl-analyzer.trace.server": {
      "default": false,
      "description": "Log messages between client and server in the WGSL Analyzer output pane.",
      "type": "boolean"
    }
  }
}
